{
  "schemaVersion": "arc-v28-preflight-v1",
  "valid": true,
  "data": "ml/experiments/v30-strategic-tail-fidelity/data/train-merged",
  "validationData": "ml/experiments/v30-strategic-tail-fidelity/data/validation",
  "teacher": "ml/warmstart/v24/v23-control-gen5-obs199-act104.json",
  "teacherSha256": "c75ff32538ae957c6fcca8d54cff3fdee97b9a9d63df7749368d98e9f0f2c472",
  "outcomeReference": "ml/experiments/v30-strategic-tail-fidelity/artifacts/arms/strategic-cvar10-c025/checkpoint.pt",
  "outcomeReferenceSha256": "c47a63ac7c4a74624294e5af49494e00812c97736db4a085f2fdad0deafa8a06",
  "outcomeReferenceAudit": {
    "all": {
      "count": 57450,
      "advantage": {
        "count": 57450,
        "min": -0.949999988079071,
        "mean": 0.0026690710918269435,
        "p50": 0.050000011920928955,
        "p95": 0.5857158899307247,
        "p99": 0.8440870076417923,
        "max": 0.949999988079071
      },
      "behaviorRatioRaw": {
        "count": 57450,
        "min": 0.04419136047363281,
        "mean": 1.0000877676866593,
        "p50": 0.9945485591888428,
        "p95": 1.2763540625572192,
        "p99": 1.7047389233112367,
        "max": 58.16262435913086
      },
      "behaviorRatio": {
        "count": 57450,
        "min": 0.04419136047363281,
        "mean": 0.9936423335994089,
        "p50": 0.9945485591888428,
        "p95": 1.2763540625572192,
        "p99": 1.7047389233112367,
        "max": 2.0
      },
      "behaviorCapFraction": 0.0053089643167972145,
      "updateRatio": {
        "count": 57450,
        "min": 1.0,
        "mean": 1.0,
        "p50": 1.0,
        "p95": 1.0,
        "p99": 1.0,
        "max": 1.0
      },
      "updateClipFraction": 0.0
    },
    "byOutcome": {
      "loss": {
        "count": 28020,
        "advantage": {
          "count": 28020,
          "min": -0.949999988079071,
          "mean": -0.23221996731851396,
          "p50": -0.07449396327137947,
          "p95": -0.05000000074505806,
          "p99": -0.05000000074505806,
          "max": -0.05000000074505806
        },
        "behaviorRatioRaw": {
          "count": 28020,
          "min": 0.10478615760803223,
          "mean": 1.0004828539631097,
          "p50": 0.994460254907608,
          "p95": 1.2772627770900726,
          "p99": 1.7336799395084384,
          "max": 58.16262435913086
        },
        "behaviorRatio": {
          "count": 28020,
          "min": 0.10478615760803223,
          "mean": 0.9927609367201704,
          "p50": 0.994460254907608,
          "p95": 1.2772627770900726,
          "p99": 1.7336799395084384,
          "max": 2.0
        },
        "behaviorCapFraction": 0.005781584582441114,
        "updateRatio": {
          "count": 28020,
          "min": 1.0,
          "mean": 1.0,
          "p50": 1.0,
          "p95": 1.0,
          "p99": 1.0,
          "max": 1.0
        },
        "updateClipFraction": 0.0
      },
      "win": {
        "count": 29430,
        "advantage": {
          "count": 29430,
          "min": 0.050000011920928955,
          "mean": 0.22630450623480186,
          "p50": 0.07972303032875061,
          "p95": 0.7068070679903029,
          "p99": 0.9141143172979351,
          "max": 0.949999988079071
        },
        "behaviorRatioRaw": {
          "count": 29430,
          "min": 0.04419136047363281,
          "mean": 0.9997116101105076,
          "p50": 0.9946607649326324,
          "p95": 1.2759099185466765,
          "p99": 1.6802436876296993,
          "max": 16.94133949279785
        },
        "behaviorRatio": {
          "count": 29430,
          "min": 0.04419136047363281,
          "mean": 0.9944815024936073,
          "p50": 0.9946607649326324,
          "p95": 1.2759099185466765,
          "p99": 1.6802436876296993,
          "max": 2.0
        },
        "behaviorCapFraction": 0.004858987427794767,
        "updateRatio": {
          "count": 29430,
          "min": 1.0,
          "mean": 1.0,
          "p50": 1.0,
          "p95": 1.0,
          "p99": 1.0,
          "max": 1.0
        },
        "updateClipFraction": 0.0
      }
    },
    "byAdvantageSign": {
      "negative": {
        "count": 28020,
        "advantage": {
          "count": 28020,
          "min": -0.949999988079071,
          "mean": -0.23221996731851396,
          "p50": -0.07449396327137947,
          "p95": -0.05000000074505806,
          "p99": -0.05000000074505806,
          "max": -0.05000000074505806
        },
        "behaviorRatioRaw": {
          "count": 28020,
          "min": 0.10478615760803223,
          "mean": 1.0004828539631097,
          "p50": 0.994460254907608,
          "p95": 1.2772627770900726,
          "p99": 1.7336799395084384,
          "max": 58.16262435913086
        },
        "behaviorRatio": {
          "count": 28020,
          "min": 0.10478615760803223,
          "mean": 0.9927609367201704,
          "p50": 0.994460254907608,
          "p95": 1.2772627770900726,
          "p99": 1.7336799395084384,
          "max": 2.0
        },
        "behaviorCapFraction": 0.005781584582441114,
        "updateRatio": {
          "count": 28020,
          "min": 1.0,
          "mean": 1.0,
          "p50": 1.0,
          "p95": 1.0,
          "p99": 1.0,
          "max": 1.0
        },
        "updateClipFraction": 0.0
      },
      "zero": {
        "count": 0
      },
      "positive": {
        "count": 29430,
        "advantage": {
          "count": 29430,
          "min": 0.050000011920928955,
          "mean": 0.22630450623480186,
          "p50": 0.07972303032875061,
          "p95": 0.7068070679903029,
          "p99": 0.9141143172979351,
          "max": 0.949999988079071
        },
        "behaviorRatioRaw": {
          "count": 29430,
          "min": 0.04419136047363281,
          "mean": 0.9997116101105076,
          "p50": 0.9946607649326324,
          "p95": 1.2759099185466765,
          "p99": 1.6802436876296993,
          "max": 16.94133949279785
        },
        "behaviorRatio": {
          "count": 29430,
          "min": 0.04419136047363281,
          "mean": 0.9944815024936073,
          "p50": 0.9946607649326324,
          "p95": 1.2759099185466765,
          "p99": 1.6802436876296993,
          "max": 2.0
        },
        "behaviorCapFraction": 0.004858987427794767,
        "updateRatio": {
          "count": 29430,
          "min": 1.0,
          "mean": 1.0,
          "p50": 1.0,
          "p95": 1.0,
          "p99": 1.0,
          "max": 1.0
        },
        "updateClipFraction": 0.0
      }
    },
    "byRoundBand": {
      "01-08": {
        "count": 16384,
        "advantage": {
          "count": 16384,
          "min": -0.949999988079071,
          "mean": -0.012986092513301628,
          "p50": 0.055569589138031006,
          "p95": 0.6310700088739394,
          "p99": 0.7816978710889817,
          "max": 0.949999988079071
        },
        "behaviorRatioRaw": {
          "count": 16384,
          "min": 0.10463502258062363,
          "mean": 0.9973358812007973,
          "p50": 0.996635377407074,
          "p95": 1.194128507375717,
          "p99": 1.7016346764564514,
          "max": 16.94133949279785
        },
        "behaviorRatio": {
          "count": 16384,
          "min": 0.10463502258062363,
          "mean": 0.9910311916778483,
          "p50": 0.996635377407074,
          "p95": 1.194128507375717,
          "p99": 1.7016346764564514,
          "max": 2.0
        },
        "behaviorCapFraction": 0.00579833984375,
        "updateRatio": {
          "count": 16384,
          "min": 1.0,
          "mean": 1.0,
          "p50": 1.0,
          "p95": 1.0,
          "p99": 1.0,
          "max": 1.0
        },
        "updateClipFraction": 0.0
      },
      "09-15": {
        "count": 14336,
        "advantage": {
          "count": 14336,
          "min": -0.949999988079071,
          "mean": 0.01204625295317133,
          "p50": 0.050000011920928955,
          "p95": 0.6878283321857452,