{
  "schemaVersion": "arc-v28-training-v1",
  "data": "ml/experiments/v30-strategic-tail-fidelity/data/train-merged",
  "validationData": "ml/experiments/v30-strategic-tail-fidelity/data/validation",
  "teacher": "ml/warmstart/v24/v23-control-gen5-obs199-act104.json",
  "teacherSha256": "c75ff32538ae957c6fcca8d54cff3fdee97b9a9d63df7749368d98e9f0f2c472",
  "init": "ml/experiments/v29-distill-fidelity/arms/d128-policy-only-continue24-lr1e4/checkpoint.pt",
  "initSha256": "37d4268900cba44583dcc19e19222db97f8104493d17ad8dc8180025fe138dff",
  "samples": 240631,
  "policySamples": 228477,
  "validationSamples": 60159,
  "validationPolicySamples": 57085,
  "games": 2048,
  "validationGames": 512,
  "trueWins": 1114,
  "validationTrueWins": 276,
  "teacherLogpAudit": {
    "train": {
      "rows": 4096,
      "meanAbsError": 2.269256456823715e-07,
      "p99AbsError": 1.5497207641601562e-06,
      "maxAbsError": 4.291534423828125e-06
    },
    "validation": {
      "rows": 4096,
      "meanAbsError": 2.2097227792353125e-07,
      "p99AbsError": 1.430511474609375e-06,
      "maxAbsError": 4.172325134277344e-06
    }
  },
  "config": {
    "epochs": 12,
    "batchSize": 512,
    "learningRate": 5e-05,
    "teacherKlCoef": 1.0,
    "valueCoef": 0.0,
    "reach30Coef": 0.0,
    "outcomePgCoef": 0.0,
    "clipEpsilon": 0.2,
    "seed": 300100,
    "selectBestTeacherKl": true,
    "maxMeanKl": null,
    "maxP99Kl": null,
    "validationSelection": {
      "seed0": 948000000,
      "games": 256
    },
    "validationGate": null,
    "earlyStopPatience": 4,
    "earlyStopMinDelta": 0.002,
    "earlyStopMinEpochs": 4,
    "strategicKlFraction": null,
    "strategicTailFraction": 0.1,
    "strategicTailCoef": 0.5,
    "selectionMetric": "strategicTeacherKlCvar05"
  },
  "epochs": [
    {
      "epoch": 1,
      "train": {
        "teacherKl": 0.019181816218431794,
        "strategicTailCvar": 0.18461522612165898,
        "strategicRowsPerBatch": {
          "count": 470,
          "min": 95,
          "mean": 122.23404255319149,
          "p50": 122.0,
          "p95": 137.0,
          "max": 153
        },
        "strategicTailTopKPerBatch": {
          "count": 470,
          "min": 10,
          "mean": 12.670212765957446,
          "p50": 13.0,
          "p95": 14.0,
          "max": 16
        },
        "top1Agreement": 0.9105861859180574,
        "valueMse": 0.04671805924966384,
        "reach30Loss": 0.36433710829507504,
        "outcomePgLoss": -0.008418494915511254,
        "policyRows": 228477
      },
      "validation": {
        "teacherKlMean": 0.02127790260302496,
        "teacherKlP95": 0.08206004612147795,
        "teacherKlP99": 0.23831769302487377,
        "teacherKlMax": 1.977964997291565,
        "policyRows": 28408,
        "top1Agreement": 0.9108349760630808,
        "teacherEntropyMean": 0.7926920463227173,
        "studentEntropyMean": 0.8111153489585033,
        "entropyDelta": 0.018423302635786,
        "strategicPolicyRows": 7194,
        "strategicTeacherKlMean": 0.039108629088358215,
        "strategicTeacherKlP95": 0.16053523644804948,
        "strategicTeacherKlP99": 0.4617778980731949,
        "strategicTeacherKlCvar05": 0.35311755446924104,
        "strategicTeacherKlMax": 1.977964997291565,
        "strategicTop1Agreement": 0.9159021406727829,
        "strategicEntropyDelta": 0.04353854468256152,
        "valueMse": 0.048224362913077586,
        "reach30ByHorizon": {
          "20": {
            "nll": 0.10110326939703411,
            "brier": 0.018957915025051904,
            "ece": 0.013427854682526767
          },
          "25": {
            "nll": 0.46063033900672984,
            "brier": 0.13974169801291975,
            "ece": 0.08115796364698623
          },
          "30": {
            "nll": 0.5224057278977567,
            "brier": 0.17437347605334766,
            "ece": 0.0486047018881017
          }
        }
      }
    },
    {
      "epoch": 2,
      "train": {
        "teacherKl": 0.018172907735472903,
        "strategicTailCvar": 0.1664061411422618,
        "strategicRowsPerBatch": {
          "count": 470,
          "min": 94,
          "mean": 122.23404255319149,
          "p50": 123.0,
          "p95": 138.0,
          "max": 149
        },
        "strategicTailTopKPerBatch": {
          "count": 470,
          "min": 10,
          "mean": 12.672340425531916,
          "p50": 13.0,
          "p95": 14.0,
          "max": 15
        },
        "top1Agreement": 0.9116585039194317,
        "valueMse": 0.04758336537781785,
        "reach30Loss": 0.36735686066444134,
        "outcomePgLoss": -0.008807237400300691,
        "policyRows": 228477
      },
      "validation": {
        "teacherKlMean": 0.022478807351210505,
        "teacherKlP95": 0.08833129778504371,
        "teacherKlP99": 0.25761799395084384,
        "teacherKlMax": 2.4423763751983643,
        "policyRows": 28408,
        "top1Agreement": 0.9073148408898901,
        "teacherEntropyMean": 0.7926920463227173,
        "studentEntropyMean": 0.8127163347971904,
        "entropyDelta": 0.020024288474473073,
        "strategicPolicyRows": 7194,
        "strategicTeacherKlMean": 0.04256149389564104,
        "strategicTeacherKlP95": 0.1823862567543983,
        "strategicTeacherKlP99": 0.43929454803466794,
        "strategicTeacherKlCvar05": 0.37121704754730067,
        "strategicTeacherKlMax": 2.4423763751983643,
        "strategicTop1Agreement": 0.9079788712816236,
        "strategicEntropyDelta": 0.04049094242032077,
        "valueMse": 0.048762346802649396,
        "reach30ByHorizon": {
          "20": {
            "nll": 0.10376662499199447,
            "brier": 0.019032181455002024,
            "ece": 0.014563931464109621
          },
          "25": {
            "nll": 0.4548596759969269,
            "brier": 0.13928314147715712,
            "ece": 0.08216480574455914
          },
          "30": {
            "nll": 0.5472448688094018,
            "brier": 0.1805600714749947,
            "ece": 0.0806033631568528
          }
        }
      }
    },
    {
      "epoch": 3,
      "train": {
        "teacherKl": 0.01780075750949219,
        "strategicTailCvar": 0.15630438725682014,
        "strategicRowsPerBatch": {
          "count": 470,
          "min": 97,
          "mean": 122.23404255319149,
          "p50": 122.0,
          "p95": 138.0,
          "max": 157
        },
        "strategicTailTopKPerBatch": {
          "count": 470,
          "min": 10,
          "mean": 12.678723404255319,
          "p50": 13.0,
          "p95": 14.0,
          "max": 16
        },
        "top1Agreement": 0.9123719236509583,
        "valueMse": 0.04798244566318138,
        "reach30Loss": 0.3673145471375989,
        "outcomePgLoss": -0.008675345363048285,
        "policyRows": 228477
      },
      "validation": {
        "teacherKlMean": 0.019373204560289285,
        "teacherKlP95": 0.07378060147166246,
        "teacherKlP99": 0.19816751167178157,
        "teacherKlMax": 2.184206247329712,
        "policyRows": 28408,
        "top1Agreement": 0.9117854125598422,
        "teacherEntropyMean": 0.7926920463227173,
        "studentEntropyMean": 0.8156631954866356,
        "entropyDelta": 0.022971149163918295,
        "strategicPolicyRows": 7194,
        "strategicTeacherKlMean": 0.03339174325442529,
        "strategicTeacherKlP95": 0.12816723883152004,
        "strategicTeacherKlP99": 0.3588847935199733,
        "strategicTeacherKlCvar05": 0.2856900637762414,
        "strategicTeacherKlMax": 2.184206247329712,
        "strategicTop1Agreement": 0.9216013344453712,
        "strategicEntropyDelta": 0.043985038821670014,
        "valueMse": 0.04729117516086177,
        "reach30ByHorizon": {
          "20": {
            "nll": 0.10277959179203981,
            "brier": 0.018953650076941567,
            "ece": 0.014052876667409476
          },
          "25": {
            "nll": 0.45666303533242014,
            "brier": 0.13959496580790684,