{
  "arms": {
    "greedy-none-t065": {
      "arcFitness": 0.49640957570285604,
      "candidateId": "bad9b2f3a6cfe55a",
      "endpoints": {
        "gameWallMsP95": 2136.275,
        "meanFinalVP": 24.37109375,
        "meanLateGameScore": 0.5388075443617436,
        "meanPost15VpPerRound": 1.0963220427575897,
        "reach15Rate": 0.78125,
        "stallRate": 0.0,
        "trueWinRate": 0.55859375
      },
      "selectionValues": [
        0.13125,
        0.24166666666666664,
        0.08124999999999999,
        0.8374999999999999,
        0.9404761904761905,
        0.8875,
        0.8136363636363636,
        0.09999999999999999,
        0.8687499999999999,
        0.9098214285714286,
        0.9035714285714286,
        0.8145833333333333,
        0.11249999999999999,
        0.8270833333333334,
        0.8149038461538461,
        0.8149038461538461,
        0.075,
        0.8388888888888889,
        0.8448863636363636,
        0.075,
        0.9312499999999999,
        0.8080357142857143,
        0.8291666666666666,
        0.8448863636363636,
        0.7767857142857143,
        0.9874999999999999,
        0.8149621212121212,
        0.24848484848484848,
        0.056249999999999994,
        0.85,
        0.09999999999999999,
        0.2048611111111111,
        0.8211538461538461,
        0.875,
        0.8267857142857142,
        0.2375,
        0.125,
        0.8149038461538461,
        0.10625,
        0.09999999999999999,
        0.15,
        0.18974358974358974,
        0.8448863636363636,
        0.8291666666666666,
        0.24375,
        0.8999999999999999,
        0.8354166666666666,
        0.7854166666666667,
        0.8261363636363637,
        0.08750000000000001,
        0.8354166666666666,
        0.049999999999999996,
        0.21597222222222223,
        0.075,
        0.34375,
        0.29166666666666663,
        0.2375,
        0.8604166666666666,
        0.20238095238095238,
        0.06874999999999999,
        0.21041666666666667,
        0.8142857142857143,
        0.8638888888888889,
        0.18333333333333332,
        0.17291666666666666,
        0.8386363636363636,
        0.13749999999999998,
        0.8166666666666667,
        0.17724358974358975,
        0.8041666666666666,
        0.9154761904761904,
        0.8636363636363636,
        0.8017857142857143,
        0.7961538461538461,
        0.17222222222222222,
        0.7961538461538461,
        0.18935185185185188,
        0.8027243589743589,
        0.8511363636363636,
        0.8448863636363636,
        0.075,
        0.8041666666666666,
        0.7958333333333334,
        0.23541666666666666,
        0.1451388888888889,
        0.2270833333333333,
        0.7899038461538461,
        0.8354166666666666,
        0.7958333333333334,
        0.7961538461538461,
        0.9098214285714286,
        0.125,
        0.875,
        0.18472222222222223,
        0.7961538461538461,
        0.11875,
        0.7961538461538461,
        0.043750000000000004,
        0.8142857142857143,
        0.24791666666666667,
        0.21435185185185185,
        0.23333333333333334,
        0.06874999999999999,
        0.7899038461538461,
        0.2298611111111111,
        0.08750000000000001,
        0.0625,
        0.11875,
        0.8583333333333333,
        0.8017857142857143,
        0.22291666666666665,
        0.20833333333333331,
        0.8386363636363636,
        0.8083333333333333,
        0.16805555555555554,
        0.2097222222222222,
        0.85,
        0.32708333333333334,
        0.7708333333333334,
        0.056249999999999994,
        0.11249999999999999,
        0.8967261904761904,
        0.851388888888889,
        0.7833333333333333,
        0.11249999999999999,
        0.16666666666666666,
        0.8236111111111111,
        0.22215909090909092,
        0.075,
        0.9098214285714286,
        0.8937499999999999,
        0.8136363636363636,
        0.9279761904761904,
        0.10625,
        0.7708333333333334,
        0.8461538461538461,
        0.85625,
        0.13749999999999998,
        0.8973214285714286,
        0.8020833333333334,
        0.1784090909090909,
        0.11249999999999999,
        0.9472222222222222,
        0.20208333333333334,
        0.13958333333333334,
        0.8973214285714286,
        0.848611111111111,
        0.11249999999999999,
        0.8073863636363636,
        0.875,
        0.8142857142857143,
        0.06874999999999999,
        0.075,
        0.2270833333333333,
        0.11875,
        0.9874999999999999,
        0.8323863636363636,
        0.8274038461538461,
        0.8448863636363636,
        0.8479166666666667,
        0.8511363636363636,
        0.08750000000000001,
        0.8149038461538461,
        0.7830357142857143,
        0.7833333333333333,
        0.075,
        0.9035714285714286,
        0.9154761904761904,
        0.8448863636363636,
        0.8392857142857143,
        0.23333333333333334,
        0.8017857142857143,
        0.9312499999999999,
        0.19722222222222222,
        0.2048611111111111,
        0.16874999999999998,
        0.8910714285714285,
        0.09375,
        0.8386363636363636,
        0.825,
        0.08750000000000001,
        0.8142857142857143,
        0.27291666666666664,
        0.075,
        0.11249999999999999,
        0.09375,
        0.1645833333333333,
        0.20416666666666666,
        0.7961538461538461,
        0.19722222222222222,
        0.8086538461538462,
        0.8205357142857143,
        0.8208333333333333,
        0.8142857142857143,
        0.11249999999999999,
        0.8291666666666666,
        0.8416666666666666,
        0.11249999999999999,
        0.08124999999999999,
        0.28194444444444444,
        0.8448863636363636,
        0.8701388888888889,
        0.7955357142857142,
        0.08124999999999999,
        0.17708333333333331,
        0.9333333333333333,
        0.825,
        0.2048611111111111,
        0.8336538461538461,
        0.20833333333333331,
        0.8336538461538461,
        0.9098214285714286,
        0.8149038461538461,
        0.8448863636363636,
        0.8354166666666666,
        0.22499999999999998,
        0.8354166666666666,
        0.9520833333333334,
        0.19027777777777777,
        0.20089285714285715,
        0.8374999999999999,
        0.08750000000000001,
        0.8104166666666666,
        0.8448863636363636,
        0.8073863636363636,
        0.11875,
        0.8336538461538461,
        0.10625,
        0.35,
        0.7899038461538461,
        0.8229166666666666,
        0.8017857142857143,
        0.9285714285714286,
        0.16319444444444445,
        0.8205357142857143,
        0.1909722222222222,
        0.8511363636363636,
        0.11249999999999999,
        0.8416666666666666,
        0.11249999999999999,
        0.7899038461538461,
        0.0625,
        0.8218749999999999,
        0.21597222222222223,
        0.09375,
        0.19599358974358974,
        0.9035714285714286,
        0.7711538461538461,
        0.8386363636363636,
        0.9035714285714286,
        0.11875,
        0.24027777777777776,
        0.8448863636363636,
        0.8274038461538461,
        0.08750000000000001,
        0.8211538461538461
      ],
      "signedEntry": {
        "entrySha256": "925ae468f534063c7620598b3d3b08a8c3b4b8912dca92b5c60b0e9ed91188c6",
        "payload": {
          "accepted": false,
          "arcFitness": 0.49640957570285604,
          "backend": "trusted-simforge-gpu7-v2",
          "campaign": "v35-gpu7-phase0-powered-public-pair-20260714",
          "candidateId": "bad9b2f3a6cfe55a",
          "candidateSha256": "bad9b2f3a6cfe55ade840a4cc41e1bfa29a298a19167912f012c6b87ab3c0e4d",
          "cost": {
            "cpu_seconds": 163.49,
            "evaluations": 1,
            "games": 256,
            "gpu_seconds": 25.34878670796752,
            "normalized_cost": 35.56691170796752,
            "private_queries": 0,
            "wall_seconds": 25.34878670796752
          },