{
  "comparison": {
    "baseline": "v17-wide256-gen30-status3",
    "bootstrap95Lcb": 0.03068088948091185,
    "candidate": "v2-shared-critic-status3",
    "meanDelta": 0.060908629858137345
  },
  "cost": {
    "cpu_seconds": 285.5,
    "evaluations": 1,
    "games": 512,
    "gpu_seconds": 40.805586292175576,
    "normalized_cost": 58.649336292175576,
    "private_queries": 0,
    "wall_seconds": 40.805586292175576
  },
  "games": 512,
  "promotionEligible": false,
  "publicSeed0": 969020000,
  "schemaVersion": "arc-v35-v2-v17-common-public-v1",
  "v2": {
    "arcFitness": 0.4945792755670031,
    "candidateId": "bad9b2f3a6cfe55a",
    "endpoints": {
      "gameWallMsP95": 2154.0599999999995,
      "meanFinalVP": 24.146484375,
      "meanLateGameScore": 0.5246677637970434,
      "meanPost15VpPerRound": 1.0740405093145213,
      "reach15Rate": 0.783203125,
      "stallRate": 0.0,
      "trueWinRate": 0.53515625
    },
    "selectionValues": [
      0.851388888888889,
      0.7583333333333333,
      0.1645833333333333,
      0.9404761904761905,
      0.11249999999999999,
      0.8386363636363636,
      0.13749999999999998,
      0.08750000000000001,
      0.18472222222222223,
      0.13749999999999998,
      0.11875,
      0.19791666666666669,
      0.9098214285714286,
      0.14375,
      0.8392857142857143,
      0.11249999999999999,
      0.8354166666666666,
      0.8080357142857143,
      0.7899038461538461,
      0.85,
      0.9333333333333333,
      0.2733796296296296,
      0.11249999999999999,
      0.09999999999999999,
      0.056249999999999994,
      0.19374999999999998,
      0.14050925925925928,
      0.8083333333333333,
      0.2152777777777778,
      0.8511363636363636,
      0.2297348484848485,
      0.09999999999999999,
      0.8399038461538462,
      0.8448863636363636,
      0.11249999999999999,
      0.9223214285714285,
      0.9458333333333333,
      0.8687499999999999,
      0.09375,
      0.7705357142857143,
      0.8274038461538461,
      0.075,
      0.26666666666666666,
      0.8083333333333333,
      0.8626893939393939,
      0.09999999999999999,
      0.8875,
      0.8041666666666666,
      0.10625,
      0.26785714285714285,
      0.11875,
      0.09999999999999999,
      0.08750000000000001,
      0.23333333333333334,
      0.22099358974358974,
      0.8211538461538461,
      0.10625,
      0.8416666666666666,
      0.8333333333333334,
      0.8149038461538461,
      0.29166666666666663,
      0.38749999999999996,
      0.85625,
      0.06874999999999999,
      0.09999999999999999,
      0.8712121212121212,
      0.7770833333333333,
      0.08124999999999999,
      0.8291666666666666,
      0.08750000000000001,
      0.8511363636363636,
      0.8166666666666667,
      0.26249999999999996,
      0.10625,
      0.7916666666666666,
      0.19722222222222222,
      0.8461538461538461,
      0.8973214285714286,
      0.7770833333333333,
      0.8638888888888889,
      0.9583333333333334,
      0.8261363636363637,
      0.075,
      0.8264880952380952,
      0.10625,
      0.8104166666666666,
      0.8354166666666666,
      0.18214285714285716,
      0.17291666666666666,
      0.8211538461538461,
      0.9035714285714286,
      0.075,
      0.8354166666666666,
      0.8701388888888889,
      0.825,
      0.075,
      0.8261363636363637,
      0.8511363636363636,
      0.13541666666666666,
      0.21736111111111112,
      0.11249999999999999,
      0.8416666666666666,
      0.075,
      0.06874999999999999,
      0.19791666666666669,
      0.85625,
      0.08750000000000001,
      0.8916666666666666,
      0.19652777777777777,
      0.8041666666666666,
      0.7961538461538461,
      0.98125,
      0.8229166666666666,
      0.8073863636363636,
      0.0625,
      0.21111111111111108,
      0.16378205128205128,
      0.21458333333333335,
      0.3625,
      0.7899038461538461,
      0.1909090909090909,
      0.7520833333333333,
      0.8973214285714286,
      0.1971590909090909,
      0.2513888888888889,
      0.8267857142857142,
      0.16597222222222222,
      0.8875,
      0.125,
      0.15208333333333332,
      0.875,
      0.8448863636363636,
      0.8573863636363637,
      0.09050925925925925,
      0.8511363636363636,
      0.06874999999999999,
      0.21736111111111112,
      0.09375,
      0.7770833333333333,
      0.8073863636363636,
      0.11249999999999999,
      0.08750000000000001,
      0.06874999999999999,
      0.857638888888889,
      0.8205357142857143,
      0.8793981481481481,
      0.8024038461538461,
      0.8145833333333333,
      0.8916666666666666,
      0.8041666666666666,
      0.20416666666666666,
      0.22291666666666665,
      0.8166666666666667,
      0.8166666666666667,
      0.21458333333333335,
      0.075,
      0.9098214285714286,
      0.9104166666666667,
      0.06874999999999999,
      0.23125,
      0.19599358974358974,
      0.1909722222222222,
      0.08124999999999999,
      0.09999999999999999,
      0.8202380952380952,
      0.10625,
      0.09865196078431372,
      0.14791666666666667,
      0.125,
      0.8338141025641025,
      0.23310185185185187,
      0.8229166666666666,
      0.2270833333333333,
      0.24375,
      0.34375,
      0.19166666666666665,
      0.85625,
      0.85,
      0.21458333333333335,
      0.8312499999999999,
      0.21458333333333335,
      0.8166666666666667,
      0.21458333333333335,
      0.8274038461538461,
      0.8291666666666666,
      0.15138888888888888,
      0.8211538461538461,
      0.85625,
      0.11875,
      0.19166666666666665,
      0.7899038461538461,
      0.9285714285714286,
      0.8701388888888889,
      0.10625,
      0.2826388888888889,
      0.8354166666666666,
      0.0625,
      0.8638888888888889,
      0.8041666666666666,
      0.22708333333333333,
      0.8636363636363636,
      0.8166666666666667,
      0.8267857142857142,
      0.7705357142857143,
      0.9160714285714285,
      0.8354166666666666,
      0.06874999999999999,
      0.3375,
      0.7770833333333333,
      0.8573863636363637,
      0.06874999999999999,
      0.9217261904761904,
      0.88125,
      0.17724358974358975,
      0.7645833333333334,
      0.09999999999999999,
      0.9160714285714285,
      0.9217261904761904,
      0.8354166666666666,
      0.08124999999999999,
      0.8399038461538462,
      0.8624999999999999,
      0.8017857142857143,
      0.075,
      0.7708333333333334,
      0.9098214285714286,
      0.8136363636363636,
      0.8104166666666666,
      0.8083333333333333,
      0.1527777777777778,
      0.2422348484848485,
      0.8291666666666666,
      0.7955357142857142,
      0.17023809523809524,
      0.2270833333333333,
      0.0625,
      0.8354166666666666,
      0.20347222222222222,
      0.7892857142857143,
      0.8386363636363636,
      0.11249999999999999,
      0.10625,
      0.1579656862745098,
      0.8041666666666666,
      0.8041666666666666,
      0.09999999999999999,
      0.9279761904761904,
      0.7916666666666666,
      0.075,
      0.7899038461538461,
      0.9279761904761904,
      0.09999999999999999,
      0.08750000000000001,
      0.8291666666666666,
      0.8205357142857143,
      0.2791666666666667,
      0.882638888888889,
      0.15,
      0.7642857142857142,
      0.8330357142857143,
      0.11875,
      0.9035714285714286,
      0.23541666666666666,
      0.85,
      0.09999999999999999,
      0.8125,
      0.8979166666666666,
      0.825,
      0.8354166666666666,
      0.8208333333333333,
      0.8717948717948718,
      0.9166666666666666,
      0.1909722222222222,
      0.8205357142857143,
      0.85625,
      0.8416666666666666,
      0.8479166666666667,
      0.8687499999999999,
      0.27291666666666664,
      0.23333333333333334,
      0.7833333333333333,
      0.8330357142857143,
      0.7961538461538461,
      0.8267857142857142,
      0.11875,
      0.15,
      0.8211538461538461,
      0.8824074074074074,
      0.2791666666666667,
      0.9217261904761904,
      0.9154761904761904,
