{
  "gauntletVersion": "gauntlet-v2",
  "candidate": {
    "kind": "weights",
    "ref": "ml/champions/league-run1-main0-gen8-elo268.json",
    "slug": "champions--league-run1-main0-gen8-elo268"
  },
  "via": "in-process",
  "policyObsVersion": 1,
  "games": 800,
  "smoke": false,
  "eloVsAnchors": {
    "aggregate": {
      "games": 2400,
      "score": 0.18645833333333334,
      "elo": -256
    },
    "perAnchor": {
      "cultivator": {
        "games": 256,
        "score": 0.119140625,
        "elo": -345
      },
      "hard": {
        "games": 240,
        "score": 0.1375,
        "elo": -317
      },
      "insane": {
        "games": 288,
        "score": 0.11805555555555555,
        "elo": -347
      },
      "medium": {
        "games": 196,
        "score": 0.15306122448979592,
        "elo": -295
      },
      "paragon": {
        "games": 260,
        "score": 0.1596153846153846,
        "elo": -287
      },
      "pvphunter": {
        "games": 220,
        "score": 0.025,
        "elo": -622
      },
      "routeexecq-shared-allseat": {
        "games": 228,
        "score": 0.49122807017543857,
        "elo": -6
      },
      "rushpatient": {
        "games": 284,
        "score": 0.12147887323943662,
        "elo": -342
      },
      "survivor": {
        "games": 220,
        "score": 0.10454545454545454,
        "elo": -370
      },
      "traceq-damage-nearmiss": {
        "games": 208,
        "score": 0.49759615384615385,
        "elo": -2
      }
    }
  },
  "meanPlacement": 3.295,
  "winRate": 0.0525,
  "meanVP": 2.77875,
  "meanRounds": 28.91,
  "finishedRate": 1,
  "wallClockMs": 1882075,
  "msPerGame": 2352.59375,
  "timestamp": "2026-07-02T10:13:56.596Z"
}