{
  "gauntletVersion": "gauntlet-v2",
  "candidate": {
    "kind": "weights",
    "ref": "ml/league_rediscovery/checkpoints/main-0-gen20.json",
    "slug": "checkpoints--main-0-gen20"
  },
  "via": "in-process",
  "policyObsVersion": 1,
  "games": 800,
  "smoke": false,
  "eloVsAnchors": {
    "aggregate": {
      "games": 2400,
      "score": 0.7804166666666666,
      "elo": 220
    },
    "perAnchor": {
      "cultivator": {
        "games": 256,
        "score": 0.787109375,
        "elo": 226
      },
      "hard": {
        "games": 240,
        "score": 0.78125,
        "elo": 220
      },
      "insane": {
        "games": 288,
        "score": 0.7743055555555556,
        "elo": 213
      },
      "medium": {
        "games": 196,
        "score": 0.8112244897959183,
        "elo": 251
      },
      "paragon": {
        "games": 260,
        "score": 0.8076923076923077,
        "elo": 248
      },
      "pvphunter": {
        "games": 220,
        "score": 0.5545454545454546,
        "elo": 38
      },
      "routeexecq-shared-allseat": {
        "games": 228,
        "score": 0.8157894736842105,
        "elo": 257
      },
      "rushpatient": {
        "games": 284,
        "score": 0.8133802816901409,
        "elo": 254
      },
      "survivor": {
        "games": 220,
        "score": 0.8136363636363636,
        "elo": 254
      },
      "traceq-damage-nearmiss": {
        "games": 208,
        "score": 0.8365384615384616,
        "elo": 282
      }
    }
  },
  "meanPlacement": 1.56625,
  "winRate": 0.67375,
  "meanVP": 20.4375,
  "meanRounds": 25.37125,
  "finishedRate": 1,
  "wallClockMs": 1865563,
  "msPerGame": 2331.95375,
  "timestamp": "2026-07-02T11:27:42.367Z"
}