{
  "gauntletVersion": "gauntlet-v1",
  "candidate": {
    "kind": "weights",
    "ref": "/tmp/arc-bot/league/ml/league/checkpoints/main-0-gen4.json",
    "slug": "checkpoints--main-0-gen4"
  },
  "via": "in-process",
  "policyObsVersion": 1,
  "games": 800,
  "smoke": false,
  "eloVsAnchors": {
    "aggregate": {
      "games": 2400,
      "score": 0.839375,
      "elo": 287
    },
    "perAnchor": {
      "cultivator": {
        "games": 256,
        "score": 0.916015625,
        "elo": 411
      },
      "hard": {
        "games": 240,
        "score": 0.8916666666666667,
        "elo": 363
      },
      "insane": {
        "games": 288,
        "score": 0.8559027777777778,
        "elo": 308
      },
      "medium": {
        "games": 196,
        "score": 0.9158163265306123,
        "elo": 410
      },
      "paragon": {
        "games": 260,
        "score": 0.9,
        "elo": 379
      },
      "pvphunter": {
        "games": 220,
        "score": 0.6931818181818182,
        "elo": 141
      },
      "routeexecq-shared-allseat": {
        "games": 228,
        "score": 0.7083333333333334,
        "elo": 153
      },
      "rushpatient": {
        "games": 284,
        "score": 0.8838028169014085,
        "elo": 350
      },
      "survivor": {
        "games": 220,
        "score": 0.9204545454545454,
        "elo": 421
      },
      "traceq-damage-nearmiss": {
        "games": 208,
        "score": 0.6658653846153846,
        "elo": 119
      }
    }
  },
  "meanPlacement": 1.3525,
  "winRate": 0.69125,
  "meanVP": 12.38625,
  "meanRounds": 29.82125,
  "finishedRate": 1,
  "wallClockMs": 1296257,
  "msPerGame": 1620.32125,
  "timestamp": "2026-07-02T05:47:20.052Z"
}