{
  "gauntletVersion": "gauntlet-v1",
  "candidate": {
    "kind": "weights",
    "ref": "/tmp/arc-bot/league/ml/league_continue/checkpoints/main-0-gen4.json",
    "slug": "checkpoints--main-0-gen4"
  },
  "via": "in-process",
  "policyObsVersion": 1,
  "games": 800,
  "smoke": false,
  "eloVsAnchors": {
    "aggregate": {
      "games": 2400,
      "score": 0.8179166666666666,
      "elo": 261
    },
    "perAnchor": {
      "cultivator": {
        "games": 256,
        "score": 0.826171875,
        "elo": 269
      },
      "hard": {
        "games": 240,
        "score": 0.79375,
        "elo": 233
      },
      "insane": {
        "games": 288,
        "score": 0.8854166666666666,
        "elo": 353
      },
      "medium": {
        "games": 196,
        "score": 0.8724489795918368,
        "elo": 331
      },
      "paragon": {
        "games": 260,
        "score": 0.8423076923076923,
        "elo": 289
      },
      "pvphunter": {
        "games": 220,
        "score": 0.7477272727272727,
        "elo": 188
      },
      "routeexecq-shared-allseat": {
        "games": 228,
        "score": 0.8092105263157895,
        "elo": 249
      },
      "rushpatient": {
        "games": 284,
        "score": 0.7975352112676056,
        "elo": 237
      },
      "survivor": {
        "games": 220,
        "score": 0.8090909090909091,
        "elo": 249
      },
      "traceq-damage-nearmiss": {
        "games": 208,
        "score": 0.78125,
        "elo": 220
      }
    }
  },
  "meanPlacement": 1.49,
  "winRate": 0.77875,
  "meanVP": 20.93625,
  "meanRounds": 21.1725,
  "finishedRate": 1,
  "wallClockMs": 1466030,
  "msPerGame": 1832.5375,
  "timestamp": "2026-07-02T07:15:37.364Z"
}