{
  "gauntletVersion": "gauntlet-v2",
  "candidate": {
    "kind": "profile",
    "ref": "pvphunter",
    "slug": "profile-pvphunter"
  },
  "via": "in-process",
  "policyObsVersion": 1,
  "games": 800,
  "smoke": false,
  "eloVsAnchors": {
    "aggregate": {
      "games": 2400,
      "score": 0.9002083333333334,
      "elo": 382
    },
    "perAnchor": {
      "cultivator": {
        "games": 256,
        "score": 0.943359375,
        "elo": 483
      },
      "hard": {
        "games": 240,
        "score": 0.9166666666666666,
        "elo": 413
      },
      "insane": {
        "games": 288,
        "score": 0.890625,
        "elo": 362
      },
      "medium": {
        "games": 196,
        "score": 0.9540816326530612,
        "elo": 518
      },
      "paragon": {
        "games": 260,
        "score": 0.9519230769230769,
        "elo": 512
      },
      "pvphunter": {
        "games": 220,
        "score": 0.4863636363636364,
        "elo": -9
      },
      "routeexecq-shared-allseat": {
        "games": 228,
        "score": 0.9802631578947368,
        "elo": 661
      },
      "rushpatient": {
        "games": 284,
        "score": 0.9190140845070423,
        "elo": 419
      },
      "survivor": {
        "games": 220,
        "score": 0.9727272727272728,
        "elo": 607
      },
      "traceq-damage-nearmiss": {
        "games": 208,
        "score": 0.9735576923076923,
        "elo": 612
      }
    }
  },
  "meanPlacement": 1.2625,
  "winRate": 0.7925,
  "meanVP": 25.00625,
  "meanRounds": 24.94375,
  "finishedRate": 1,
  "wallClockMs": 1834077,
  "msPerGame": 2292.59625,
  "timestamp": "2026-07-02T09:11:37.123Z"
}